<?xml version="1.0" encoding="UTF-8"?>
<rss version="2.0" xmlns:ror="http://rorweb.com/0.1/" >
<channel>
  <title>ROR Sitemap for https://bytservices.ru/</title>
  <link>https://bytservices.ru/</link>

<item>
     <link>https://bytservices.ru/</link>
     <title>Ремонт стиральных машин в Макеевке | ремонт холодильников на дому | недорого</title>
     <description>Ишите мастера по ремонту холодильника или стиральных машин?тогда вы на правильном пути.Предлогаем вам быстрый ремонт недорого с выездом мастера надом,предоставляем гарантию.</description>
     <ror:updatePeriod></ror:updatePeriod>
     <ror:sortOrder>0</ror:sortOrder>
     <ror:resourceOf>sitemap</ror:resourceOf>
</item>
<item>
     <link>https://bytservices.ru/washing%20machine%20repair.html</link>
     <title>Ремонт стиральных машин в Макеевке мастер надом не дорого | цены от 500р</title>
     <description>Ремонт стиральных машин в Макеевке мастер надом не дорого | цены от 500р</description>
     <ror:updatePeriod></ror:updatePeriod>
     <ror:sortOrder>1</ror:sortOrder>
     <ror:resourceOf>sitemap</ror:resourceOf>
</item>
<item>
     <link>https://bytservices.ru/refrigerator%20repair.html</link>
     <title>Ремонт холодильников в Макеевке на дому | выезд мастера недорого | телефон и цены от 500p</title>
     <description>Ремонт холодильников в Макеевке на дому | выезд мастера недорого | телефон и цены от 500p</description>
     <ror:updatePeriod></ror:updatePeriod>
     <ror:sortOrder>1</ror:sortOrder>
     <ror:resourceOf>sitemap</ror:resourceOf>
</item>
<item>
     <link>https://bytservices.ru/contacts.html</link>
     <title>Ремонт стиральных машин на дому | ремонт холодильников недорого | вызвать мастера недорого</title>
     <description>Ремонт стиральных машин на дому | ремонт холодильников недорого | вызвать мастера недорого</description>
     <ror:updatePeriod></ror:updatePeriod>
     <ror:sortOrder>1</ror:sortOrder>
     <ror:resourceOf>sitemap</ror:resourceOf>
</item>
</channel>
</rss>
  